<?xml version="1.0" encoding="UTF-8"?>
<project-private xmlns="http://www.netbeans.org/ns/project-private/1">
    <editor-bookmarks xmlns="http://www.netbeans.org/ns/editor-bookmarks/2" lastBookmarkId="0"/>
    <open-files xmlns="http://www.netbeans.org/ns/projectui-open-files/2">
        <group>
            <file>file:/C:/Users/HP%20USER/Downloads/final/final/FinalProject/src/Model/Customer.java</file>
            <file>file:/C:/Users/HP%20USER/Downloads/final/final/FinalProject/src/Utility/DatabaseConnector.java</file>
            <file>file:/C:/Users/HP%20USER/Downloads/final/final/FinalProject/src/View/ViewJPanel.java</file>
            <file>file:/C:/Users/HP%20USER/Downloads/final/final/FinalProject/src/View/JFrame.java</file>
            <file>file:/C:/Users/HP%20USER/Downloads/final/final/FinalProject/src/View/FormJPanel.java</file>
        </group>
    </open-files>
</project-private>
